{
  "cx": 318.8965148925781,
  "cy": 238.3780975537306,
  "depth_scale": 1.0,
  "fx": 537.4799262152778,
  "fy": 536.1447107477971,
  "height": 480,
  "width": 640
}