{
  "0": [{"cam_R_m2c": [0.3314574360847473, -0.9415833950042725, 0.05963756516575813, -0.6064858436584473, -0.26106327772140503, -0.7510132193565369, 0.7227107882499695, 0.2127595692873001, -0.6575883626937866], "cam_t_m2c": [-44.74526596069336, 89.7040786743164, 682.3395385742188], "obj_id": 1}],
  "1": [{"cam_R_m2c": [0.3314574062824249, -0.9415834546089172, 0.05963758006691933, -0.6064858436584473, -0.2610633075237274, -0.7510132789611816, 0.7227108478546143, 0.2127595841884613, -0.6575883626937866], "cam_t_m2c": [-44.74526596069336, 89.7040786743164, 682.3395385742188], "obj_id": 1}]
}